{"Sarcasm": 66.78069304830075, "Serious": 23.71046244237197, "Happy": 20.25, "Normal": 9.50953738025557, "Funny": 5.103515625}