{"Serious": 62.56827708288426, "Funny": 44.6939697265625, "Happy": 20.1572265625, "Sarcasm": 18.632573016298952, "Normal": 13.513420052693617}