{"Serious": 73.51775865884014, "Normal": 40.21114718832334, "Funny": 21.173492431640625, "Sarcasm": 12.158143254074737, "Happy": 10.039306640625}