{"Normal": 65.49657332887969, "Serious": 39.32586298783103, "Sarcasm": 19.938692172531944, "Happy": 12.515625, "Funny": 7.5517578125}