{"Normal": 46.2795030734261, "Happy": 43.12622833251953, "Sarcasm": 41.38488395337967, "Serious": 16.359929958088756, "Funny": 15.293373107910156}